Passenger Id,Age,Sibling/Spouse Aboard,Parent/Children Aboard,Passenger Class,Fare,Embarkation Port,Survival Boat,Body Number,Survived,Female,Male
1,29,0,0,1,211.3375,2,2,S,1,1,0
2,0.9167,1,2,1,151.55,2,11,S,1,0,1
3,2,1,2,1,151.55,2,DNS,BNR,0,1,0
4,30,1,2,1,151.55,2,DNS,135,0,0,1
5,25,1,2,1,151.55,2,DNS,BNR,0,1,0
6,48,0,0,1,26.55,2,3,S,1,0,1
7,63,1,0,1,77.9583,2,10,S,1,1,0
8,39,0,0,1,0,2,DNS,BNR,0,0,1
9,53,2,0,1,51.4792,2,D,S,1,1,0
10,71,0,0,1,49.5042,0,DNS,22,0,0,1
11,47,1,0,1,227.525,0,DNS,124,0,0,1
12,18,1,0,1,227.525,0,4,S,1,1,0
13,24,0,0,1,69.3,0,9,S,1,1,0
14,26,0,0,1,78.85,2,6,S,1,1,0
15,80,0,0,1,30,2,B,S,1,0,1
16,41.5,0,0,1,25.925,2,DNS,BNR,0,0,1
17,24,0,1,1,247.5208,0,DNS,BNR,0,0,1
18,50,0,1,1,247.5208,0,6,S,1,1,0
19,32,0,0,1,76.2917,0,8,S,1,1,0
20,36,0,0,1,75.2417,0,A,BNR,0,0,1
21,37,1,1,1,52.5542,2,5,S,1,0,1
22,47,1,1,1,52.5542,2,5,S,1,1,0
23,26,0,0,1,30,0,5,S,1,0,1
24,42,0,0,1,227.525,0,4,S,1,1,0
25,29,0,0,1,221.7792,2,8,S,1,1,0
26,25,0,0,1,26,0,DNS,148,0,0,1
27,25,1,0,1,91.0792,0,7,S,1,0,1
28,19,1,0,1,91.0792,0,7,S,1,1,0
29,35,0,0,1,135.6333,2,8,S,1,1,0
30,28,0,0,1,26.55,2,D,S,1,0,1
31,45,0,0,1,35.5,2,DNS,BNR,0,0,1
32,40,0,0,1,31,0,7,S,1,0,1
33,30,0,0,1,164.8667,2,8,S,1,1,0
34,58,0,0,1,26.55,2,8,S,1,1,0
35,42,0,0,1,26.55,2,DNS,BNR,0,0,1
36,45,0,0,1,262.375,0,4,S,1,1,0
37,22,0,1,1,55,2,6,S,1,1,0
38,41.5,0,0,1,26.55,2,9,S,1,0,1
39,41,0,0,1,30.5,2,DNS,BNR,0,0,1
40,48,0,0,1,50.4958,0,DNS,208,0,0,1
41,47,0,0,1,39.6,0,DNS,BNR,0,0,1
42,44,0,0,1,27.7208,0,6,S,1,1,0
43,59,2,0,1,51.4792,2,D,S,1,1,0
44,60,0,0,1,76.2917,0,8,S,1,1,0
45,41,0,0,1,134.5,0,3,S,1,1,0
46,45,0,0,1,26.55,2,DNS,BNR,0,0,1
47,41.5,0,0,1,31,2,DNS,BNR,0,0,1
48,42,0,0,1,26.2875,2,5,S,1,0,1
49,53,0,0,1,27.4458,0,6,S,1,1,0
50,36,0,1,1,512.3292,0,3,S,1,0,1
51,58,0,1,1,512.3292,0,3,S,1,1,0
52,33,0,0,1,5,2,DNS,BNR,0,0,1
53,28,0,0,1,47.1,2,DNS,BNR,0,0,1
54,17,0,0,1,47.1,2,DNS,BNR,0,0,1
55,11,1,2,1,120,2,4,S,1,0,1
56,14,1,2,1,120,2,4,S,1,1,0
57,36,1,2,1,120,2,C,S,1,0,1
58,36,1,2,1,120,2,4,S,1,1,0
59,49,0,0,1,26,2,DNS,BNR,0,0,1
60,45,0,0,1,27.7208,0,5,S,1,1,0
61,36,1,0,1,78.85,2,DNS,172,0,0,1
62,76,1,0,1,78.85,2,6,S,1,1,0
63,46,1,0,1,61.175,2,DNS,BNR,0,0,1
64,47,1,0,1,61.175,2,4,S,1,1,0
65,27,1,0,1,53.1,2,5,S,1,0,1
66,33,1,0,1,53.1,2,5,S,1,1,0
67,36,0,0,1,262.375,0,4,S,1,1,0
68,30,0,0,1,86.5,2,8,S,1,1,0
69,45,0,0,1,29.7,0,7,S,1,0,1
70,45,0,1,1,55,2,6,S,1,1,0
71,41.5,0,0,1,0,2,DNS,BNR,0,0,1
72,27,1,0,1,136.7792,0,DNS,BNR,0,0,1
73,26,1,0,1,136.7792,0,4,S,1,1,0
74,22,0,0,1,151.55,2,11,S,1,1,0
75,41.5,0,0,1,52,2,DNS,BNR,0,0,1
76,47,0,0,1,25.5875,2,DNS,BNR,0,0,1
77,39,1,1,1,83.1583,0,14,S,1,1,0
78,37,1,1,1,83.1583,0,DNS,BNR,0,0,1
79,64,0,2,1,83.1583,0,14,S,1,1,0
80,55,2,0,1,25.7,2,2,S,1,1,0
81,41.5,0,0,1,26.55,2,DNS,BNR,0,0,1
82,70,1,1,1,71,2,DNS,269,0,0,1
83,36,0,2,1,71,2,7,S,1,1,0
84,64,1,1,1,26.55,2,7,S,1,1,0
85,39,1,0,1,71.2833,0,DNS,BNR,0,0,1
86,38,1,0,1,71.2833,0,4,S,1,1,0
87,51,0,0,1,26.55,2,5 9,S,1,0,1
88,27,0,0,1,30.5,2,3,S,1,0,1
89,33,0,0,1,151.55,2,8,S,1,1,0
90,31,1,0,1,52,2,DNS,BNR,0,0,1
91,27,1,2,1,52,2,3,S,1,1,0
92,31,1,0,1,57,2,3,S,1,0,1
93,17,1,0,1,57,2,3,S,1,1,0
94,53,1,1,1,81.8583,2,13,S,1,0,1
95,4,0,2,1,81.8583,2,5,S,1,0,1
96,54,1,1,1,81.8583,2,5,S,1,1,0
97,50,1,0,1,106.425,0,DNS,62,0,0,1
98,27,1,1,1,247.5208,0,6,S,1,1,0
99,48,1,0,1,106.425,0,2,S,1,1,0
100,48,1,0,1,39.6,0,1,S,1,1,0
101,49,1,0,1,56.9292,0,1,S,1,0,1
102,39,0,0,1,29.7,0,DNS,133,0,0,1
103,23,0,1,1,83.1583,0,7,S,1,1,0
104,38,0,0,1,227.525,0,4,S,1,1,0
105,54,1,0,1,78.2667,0,4,S,1,1,0
106,36,0,0,1,31.6792,0,DNS,BNR,0,1,0
107,41.5,0,0,1,221.7792,2,DNS,BNR,0,0,1
108,45,0,0,1,31.6833,2,7,S,1,1,0
109,30,0,0,1,110.8833,0,4,S,1,1,0
110,36,0,0,1,26.3875,2,5,S,1,0,1
111,30,0,0,1,27.75,0,DNS,BNR,0,0,1
112,24,3,2,1,263,2,10,S,1,1,0
113,28,3,2,1,263,2,10,S,1,1,0
114,23,3,2,1,263,2,10,S,1,1,0
115,19,3,2,1,263,2,DNS,BNR,0,0,1
116,64,1,4,1,263,2,DNS,BNR,0,0,1
117,60,1,4,1,263,2,10,S,1,1,0
118,30,0,0,1,56.9292,0,1,S,1,1,0
119,41.5,0,0,1,26.55,2,DNS,BNR,0,0,1
120,50,2,0,1,133.65,2,5,S,1,0,1
121,43,1,0,1,27.7208,0,5,S,1,0,1
122,45,1,0,1,133.65,2,5,S,1,1,0
123,22,0,2,1,49.5,0,5,S,1,1,0
124,60,1,1,1,79.2,0,5,S,1,0,1
125,48,1,1,1,79.2,0,5,S,1,1,0
126,41.5,0,0,1,0,2,DNS,BNR,0,0,1
127,37,1,0,1,53.1,2,DNS,BNR,0,0,1
128,35,1,0,1,53.1,2,D,S,1,1,0
129,47,0,0,1,38.5,2,DNS,275,0,0,1
130,35,0,0,1,211.5,0,4,S,1,1,0
131,22,0,1,1,59.4,0,7,S,1,1,0
132,45,0,1,1,59.4,0,7,S,1,1,0
133,24,0,0,1,79.2,0,DNS,BNR,0,0,1
134,49,1,0,1,89.1042,0,5,S,1,0,1
135,45,1,0,1,89.1042,0,5,S,1,1,0
136,71,0,0,1,34.6542,0,DNS,BNR,0,0,1
137,53,0,0,1,28.5,0,B,S,1,0,1
138,19,0,0,1,30,2,3,S,1,1,0
139,38,0,1,1,153.4625,2,DNS,147,0,0,1
140,58,0,1,1,153.4625,2,3,S,1,1,0
141,23,0,1,1,63.3583,0,7,S,1,0,1
142,45,0,1,1,63.3583,0,7,S,1,1,0
143,46,0,0,1,79.2,0,DNS,BNR,0,0,1
144,25,1,0,1,55.4417,0,5,S,1,0,1
145,25,1,0,1,55.4417,0,5,S,1,1,0
146,48,1,0,1,76.7292,0,3,S,1,0,1
147,49,1,0,1,76.7292,0,3,S,1,1,0
148,41.5,0,0,1,42.4,2,DNS,BNR,0,0,1
149,45,1,0,1,83.475,2,DNS,BNR,0,0,1
150,35,1,0,1,83.475,2,D,S,1,1,0
151,40,0,0,1,0,2,DNS,110,0,0,1
152,27,0,0,1,76.7292,0,3,S,1,0,1
153,41.5,0,0,1,30,2,3,S,1,0,1
154,24,0,0,1,83.1583,0,7,S,1,1,0
155,55,1,1,1,93.5,2,DNS,307,0,0,1
156,52,1,1,1,93.5,2,3,S,1,1,0
157,42,0,0,1,42.5,2,DNS,BNR,0,0,1
158,41.5,0,0,1,51.8625,2,DNS,BNR,0,0,1
159,55,0,0,1,50,2,DNS,BNR,0,0,1
160,16,0,1,1,57.9792,0,4,S,1,1,0
161,44,0,1,1,57.9792,0,4,S,1,1,0
162,51,1,0,1,77.9583,2,10,S,1,1,0
163,42,1,0,1,52,2,DNS,38,0,0,1
164,35,1,0,1,52,2,8,S,1,1,0
165,35,0,0,1,26.55,0,15,S,1,0,1
166,38,1,0,1,90,2,D,S,1,0,1
167,41.5,0,0,1,30.6958,0,14,BNR,0,0,1
168,35,1,0,1,90,2,D,S,1,1,0
169,38,0,0,1,80,2,6,S,1,1,0
170,50,0,0,1,28.7125,0,DNS,BNR,0,1,0
171,49,0,0,1,0,2,C,S,1,0,1
172,46,0,0,1,26,2,DNS,80,0,0,1
173,50,0,0,1,26,2,DNS,BNR,0,0,1
174,32.5,0,0,1,211.5,0,DNS,45,0,0,1
175,58,0,0,1,29.7,0,DNS,258,0,0,1
176,41,1,0,1,51.8625,2,DNS,BNR,0,0,1
177,45,1,0,1,51.8625,2,8,S,1,1,0
178,42,1,0,1,52.5542,2,5,S,1,0,1
179,45,1,0,1,52.5542,2,5,S,1,1,0
180,41.5,0,0,1,26.55,2,DNS,BNR,0,0,1
181,39,0,0,1,211.3375,2,2,S,1,1,0
182,49,0,0,1,25.9292,2,8,S,1,1,0
183,30,0,0,1,106.425,0,2,S,1,1,0
184,35,0,0,1,512.3292,0,3,S,1,0,1
185,41.5,0,0,1,27.7208,0,DNS,BNR,0,0,1
186,42,0,0,1,26.55,2,DNS,BNR,0,0,1
187,55,0,0,1,27.7208,0,6,S,1,1,0
188,16,0,1,1,39.4,2,9,S,1,1,0
189,51,0,1,1,39.4,2,9,S,1,1,0
190,29,0,0,1,30,2,DNS,126,0,0,1
191,21,0,0,1,77.9583,2,10,S,1,1,0
192,30,0,0,1,45.5,2,DNS,BNR,0,0,1
193,58,0,0,1,146.5208,0,DNS,S,1,1,0
194,15,0,1,1,211.3375,2,2,S,1,1,0
195,30,0,0,1,26,2,DNS,BNR,0,0,1
196,16,0,0,1,86.5,2,8,S,1,1,0
197,41.5,0,0,1,29.7,0,7,S,1,0,1
198,19,1,0,1,53.1,2,DNS,BNR,0,0,1
199,18,1,0,1,53.1,2,10,S,1,1,0
200,24,0,0,1,49.5042,0,6,S,1,1,0
201,46,0,0,1,75.2417,0,DNS,292,0,0,1
202,54,0,0,1,51.8625,2,DNS,175,0,0,1
203,36,0,0,1,26.2875,2,7,S,1,0,1
204,28,1,0,1,82.1708,0,DNS,BNR,0,0,1
205,45,1,0,1,82.1708,0,6,S,1,1,0
206,65,0,0,1,26.55,2,DNS,249,0,0,1
207,44,2,0,1,90,1,DNS,230,0,0,1
208,33,1,0,1,90,1,14,S,1,1,0
209,37,1,0,1,90,1,14,S,1,1,0
210,30,1,0,1,57.75,0,11,S,1,0,1
211,55,0,0,1,30.5,2,DNS,BNR,0,0,1
212,47,0,0,1,42.4,2,DNS,BNR,0,0,1
213,37,0,1,1,29.7,0,DNS,BNR,0,0,1
214,31,1,0,1,113.275,0,6,S,1,1,0
215,23,1,0,1,113.275,0,6,S,1,1,0
216,58,0,2,1,113.275,0,DNS,122,0,0,1
217,19,0,2,1,26.2833,2,5,S,1,1,0
218,64,0,0,1,26,2,DNS,263,0,0,1
219,39,0,0,1,108.9,0,8,S,1,1,0
220,41.5,0,0,1,25.7417,0,7,S,1,0,1
221,22,0,1,1,61.9792,0,5,S,1,1,0
222,65,0,1,1,61.9792,0,DNS,234,0,0,1
223,28.5,0,0,1,27.7208,0,DNS,189,0,0,1
224,41.5,0,0,1,0,2,DNS,BNR,0,0,1
225,45.5,0,0,1,28.5,2,DNS,166,0,0,1
226,23,0,0,1,93.5,2,DNS,BNR,0,0,1
227,29,1,0,1,66.6,2,DNS,BNR,0,0,1
228,22,1,0,1,66.6,2,8,S,1,1,0
229,18,1,0,1,108.9,0,DNS,BNR,0,0,1
230,17,1,0,1,108.9,0,8,S,1,1,0
231,30,0,0,1,93.5,2,3,S,1,1,0
232,52,0,0,1,30.5,2,6,S,1,0,1
233,47,0,0,1,52,2,DNS,207,0,0,1
234,56,0,1,1,83.1583,0,7,S,1,1,0
235,38,0,0,1,0,2,DNS,BNR,0,0,1
236,41.5,0,0,1,39.6,2,A,S,1,0,1
237,22,0,0,1,135.6333,0,DNS,232,0,0,1
238,41.5,0,0,1,227.525,0,DNS,BNR,0,0,1
239,43,0,1,1,211.3375,2,2,S,1,1,0
240,31,0,0,1,50.4958,2,DNS,BNR,0,0,1
241,45,0,0,1,26.55,2,9,S,1,0,1
242,41.5,0,0,1,50,2,DNS,BNR,0,0,1
243,33,0,0,1,27.7208,0,11,S,1,1,0
244,46,0,0,1,79.2,0,DNS,16,0,0,1
245,36,0,0,1,40.125,0,DNS,BNR,0,0,1
246,33,0,0,1,86.5,2,8,S,1,1,0
247,55,1,0,1,59.4,0,DNS,BNR,0,0,1
248,54,1,0,1,59.4,0,6,S,1,1,0
249,33,0,0,1,26.55,2,DNS,109,0,0,1
250,13,2,2,1,262.375,0,4,S,1,0,1
251,18,2,2,1,262.375,0,4,S,1,1,0
252,21,2,2,1,262.375,0,4,S,1,1,0
253,61,1,3,1,262.375,0,DNS,BNR,0,0,1
254,48,1,3,1,262.375,0,4,S,1,1,0
255,41.5,0,0,1,30.5,2,3,S,1,0,1
256,24,0,0,1,69.3,0,9,S,1,1,0
257,41.5,0,0,1,26,2,1,S,1,0,1
258,35,1,0,1,57.75,0,11,S,1,1,0
259,30,0,0,1,31,0,4,S,1,1,0
260,34,0,0,1,26.55,2,7,S,1,0,1
261,40,0,0,1,153.4625,2,3,S,1,1,0
262,35,0,0,1,26.2875,2,5,S,1,0,1
263,50,1,0,1,55.9,2,DNS,BNR,0,0,1
264,39,1,0,1,55.9,2,11,S,1,1,0
265,56,0,0,1,35.5,0,3,S,1,0,1
266,28,0,0,1,35.5,2,7,S,1,0,1
267,56,0,0,1,26.55,2,DNS,BNR,0,0,1
268,56,0,0,1,30.6958,0,DNS,BNR,0,0,1
269,24,1,0,1,60,2,DNS,BNR,0,0,1
270,41.5,0,0,1,26,2,DNS,BNR,0,0,1
271,18,1,0,1,60,2,6,S,1,1,0
272,24,1,0,1,82.2667,2,7,S,1,0,1
273,23,1,0,1,82.2667,2,7,S,1,1,0
274,6,0,2,1,134.5,0,3,S,1,0,1
275,45,1,1,1,134.5,0,3,S,1,0,1
276,40,1,1,1,134.5,0,3,S,1,1,0
277,57,1,0,1,146.5208,0,DNS,BNR,0,0,1
278,45,1,0,1,146.5208,0,6,S,1,1,0
279,32,0,0,1,30.5,0,3,S,1,0,1
280,62,0,0,1,26.55,2,DNS,BNR,0,0,1
281,54,1,0,1,55.4417,0,1,S,1,0,1
282,43,1,0,1,55.4417,0,5,S,1,1,0
283,52,1,0,1,78.2667,0,4,S,1,1,0
284,41.5,0,0,1,27.7208,0,DNS,BNR,0,0,1
285,62,0,0,1,80,2,6,S,1,1,0
286,67,1,0,1,221.7792,2,DNS,96,0,0,1
287,63,1,0,1,221.7792,2,DNS,BNR,0,1,0
288,61,0,0,1,32.3208,2,DNS,46,0,0,1
289,48,0,0,1,25.9292,2,8,S,1,1,0
290,18,0,2,1,79.65,2,8,S,1,1,0
291,52,1,1,1,79.65,2,DNS,BNR,0,0,1
292,39,1,1,1,79.65,2,8,S,1,1,0
293,48,1,0,1,52,2,5 7,S,1,0,1
294,45,1,0,1,52,2,5 7,S,1,1,0
295,49,1,1,1,110.8833,0,DNS,BNR,0,0,1
296,17,0,2,1,110.8833,0,B,S,1,0,1
297,39,1,1,1,110.8833,0,4,S,1,1,0
298,45,0,0,1,79.2,0,D,S,1,1,0
299,31,0,0,1,28.5375,0,7,S,1,0,1
300,40,0,0,1,27.7208,0,DNS,BNR,0,0,1
301,61,0,0,1,33.5,2,DNS,245,0,0,1
302,47,0,0,1,34.0208,2,DNS,BNR,0,0,1
303,35,0,0,1,512.3292,0,3,S,1,1,0
304,64,1,0,1,75.25,0,DNS,BNR,0,0,1
305,60,1,0,1,75.25,0,5,S,1,1,0
306,60,0,0,1,26.55,2,DNS,BNR,0,0,1
307,54,0,1,1,77.2875,2,DNS,BNR,0,0,1
308,21,0,1,1,77.2875,2,DNS,169,0,0,1
309,55,0,0,1,135.6333,0,8,S,1,1,0
310,31,0,2,1,164.8667,2,8,S,1,1,0
311,57,1,1,1,164.8667,2,DNS,BNR,0,0,1
312,45,1,1,1,164.8667,2,8,S,1,1,0
313,50,1,1,1,211.5,0,DNS,BNR,0,0,1
314,27,0,2,1,211.5,0,DNS,BNR,0,0,1
315,50,1,1,1,211.5,0,4,S,1,1,0
316,21,0,0,1,26.55,2,8 10,S,1,1,0
317,51,0,1,1,61.3792,0,DNS,BNR,0,0,1
318,21,0,1,1,61.3792,0,A,S,1,0,1
319,41.5,0,0,1,35,2,DNS,BNR,0,0,1
320,31,0,0,1,134.5,0,3,S,1,1,0
321,41.5,0,0,1,35.5,2,D,S,1,0,1
322,62,0,0,1,26.55,2,DNS,BNR,0,0,1
323,36,0,0,1,135.6333,0,8,S,1,1,0
324,30,1,0,2,24,0,DNS,BNR,0,0,1
325,28,1,0,2,24,0,10,S,1,1,0
326,30,0,0,2,13,2,DNS,BNR,0,0,1
327,18,0,0,2,11.5,2,DNS,BNR,0,0,1
328,25,0,0,2,10.5,2,DNS,BNR,0,0,1
329,34,1,0,2,26,2,DNS,BNR,0,0,1
330,36,1,0,2,26,2,11,S,1,1,0
331,57,0,0,2,13,2,DNS,BNR,0,0,1
332,18,0,0,2,11.5,2,DNS,BNR,0,0,1
333,23,0,0,2,10.5,2,DNS,BNR,0,0,1
334,36,0,0,2,13,2,10,S,1,1,0
335,28,0,0,2,10.5,2,DNS,BNR,0,0,1
336,51,0,0,2,12.525,2,DNS,174,0,0,1
337,32,1,0,2,26,2,13,S,1,0,1
338,19,1,0,2,26,2,13,S,1,1,0
339,28,0,0,2,26,2,DNS,BNR,0,0,1
340,1,2,1,2,39,2,11,S,1,0,1
341,4,2,1,2,39,2,11,S,1,1,0
342,12,2,1,2,39,2,13,S,1,1,0
343,36,0,3,2,39,2,11,S,1,1,0
344,34,0,0,2,13,2,13,S,1,0,1
345,19,0,0,2,13,2,12,S,1,1,0
346,23,0,0,2,13,2,DNS,BNR,0,0,1
347,26,0,0,2,13,2,DNS,BNR,0,0,1
348,42,0,0,2,13,2,DNS,BNR,0,0,1
349,27,0,0,2,13,2,DNS,BNR,0,0,1
350,24,0,0,2,13,2,11,S,1,1,0
351,15,0,2,2,39,2,14,S,1,1,0
352,60,1,1,2,39,2,DNS,BNR,0,0,1
353,40,1,1,2,39,2,14,S,1,1,0
354,20,1,0,2,26,2,12,S,1,1,0
355,25,1,0,2,26,2,DNS,BNR,0,0,1
356,36,0,0,2,13,2,9,S,1,1,0
357,25,0,0,2,13,2,DNS,97,0,0,1
358,42,0,0,2,13,2,DNS,BNR,0,0,1
359,42,0,0,2,13,2,DNS,S,1,1,0
360,0.8333,0,2,2,29,2,13,S,1,0,1
361,26,1,1,2,29,2,13,S,1,0,1
362,22,1,1,2,29,2,13,S,1,1,0
363,35,0,0,2,21,2,14,S,1,1,0
364,30,0,0,2,0,2,DNS,BNR,0,0,1
365,19,0,0,2,13,2,DNS,18,0,0,1
366,44,1,0,2,26,2,DNS,BNR,0,1,0
367,54,1,0,2,26,2,DNS,BNR,0,0,1
368,52,0,0,2,13.5,2,DNS,130,0,0,1
369,37,1,0,2,26,2,DNS,17,0,0,1
370,29,1,0,2,26,2,DNS,BNR,0,1,0
371,25,1,1,2,30,2,12,S,1,1,0
372,45,0,2,2,30,2,12,S,1,1,0
373,29,1,0,2,26,2,DNS,BNR,0,0,1
374,28,1,0,2,26,2,14,S,1,1,0
375,29,0,0,2,10.5,2,DNS,BNR,0,0,1
376,28,0,0,2,13,2,DNS,BNR,0,0,1
377,24,0,0,2,10.5,2,9,S,1,0,1
378,8,0,2,2,26.25,2,14,S,1,1,0
379,31,1,1,2,26.25,2,DNS,BNR,0,0,1
380,31,1,1,2,26.25,2,14,S,1,1,0
381,22,0,0,2,10.5,2,14,S,1,1,0
382,30,0,0,2,13,2,DNS,BNR,0,1,0
383,30.5,0,0,2,21,2,DNS,BNR,0,1,0
384,21,0,0,2,11.5,2,DNS,BNR,0,0,1
385,30,0,0,2,0,2,DNS,BNR,0,0,1
386,8,1,1,2,36.75,2,14,S,1,0,1
387,18,0,0,2,73.5,2,DNS,BNR,0,0,1
388,48,0,2,2,36.75,2,14,S,1,1,0
389,28,0,0,2,13,2,13,S,1,1,0
390,32,0,0,2,13,2,DNS,BNR,0,0,1
391,17,0,0,2,73.5,2,DNS,BNR,0,0,1
392,29,1,0,2,27.7208,0,DNS,295,0,0,1
393,24,1,0,2,27.7208,0,12,S,1,1,0
394,25,0,0,2,31.5,2,DNS,BNR,0,0,1
395,18,0,0,2,73.5,2,DNS,BNR,0,0,1
396,18,0,1,2,23,2,DNS,S,1,1,0
397,34,0,1,2,23,2,DNS,S,1,1,0
398,54,0,0,2,26,2,DNS,BNR,0,0,1
399,8,0,2,2,32.5,2,10,S,1,0,1
400,42,1,1,2,32.5,2,DNS,BNR,0,0,1
401,34,1,1,2,32.5,2,10,S,1,1,0
402,27,1,0,2,13.8583,0,12,S,1,1,0
403,30,1,0,2,13.8583,0,12,S,1,1,0
404,23,0,0,2,13,2,DNS,BNR,0,0,1
405,21,0,0,2,13,2,DNS,BNR,0,0,1
406,18,0,0,2,13,2,DNS,BNR,0,0,1
407,40,1,0,2,26,2,DNS,286,0,0,1
408,29,1,0,2,26,2,16,S,1,1,0
409,18,0,0,2,10.5,2,DNS,BNR,0,0,1
410,36,0,0,2,13,2,DNS,236,0,0,1
411,30,0,0,2,0,2,DNS,BNR,0,0,1
412,38,0,0,2,13,2,DNS,BNR,0,1,0
413,35,0,0,2,26,2,DNS,322,0,0,1
414,38,1,0,2,21,2,DNS,BNR,0,0,1
415,34,1,0,2,21,2,DNS,BNR,0,0,1
416,34,0,0,2,13,2,12,S,1,1,0
417,16,0,0,2,26,2,DNS,BNR,0,0,1
418,26,0,0,2,10.5,2,DNS,BNR,0,0,1
419,47,0,0,2,10.5,2,DNS,BNR,0,0,1
420,21,1,0,2,11.5,2,DNS,BNR,0,0,1
421,21,1,0,2,11.5,2,DNS,BNR,0,0,1
422,24,0,0,2,13.5,2,DNS,297,0,0,1
423,24,0,0,2,13,2,DNS,155,0,0,1
424,34,0,0,2,13,2,DNS,BNR,0,0,1
425,30,0,0,2,13,2,DNS,305,0,0,1
426,52,0,0,2,13,2,DNS,19,0,0,1
427,30,0,0,2,13,2,DNS,75,0,0,1
428,0.6667,1,1,2,14.5,2,4,S,1,0,1
429,24,0,2,2,14.5,2,4,S,1,1,0
430,44,0,0,2,13,2,DNS,35,0,0,1
431,6,0,1,2,33,2,11,S,1,1,0
432,28,0,1,2,33,2,DNS,BNR,0,0,1
433,62,0,0,2,10.5,2,15,S,1,0,1
434,30,0,0,2,10.5,2,DNS,BNR,0,0,1
435,7,0,2,2,26.25,2,14,S,1,1,0
436,43,1,1,2,26.25,2,DNS,BNR,0,0,1
437,45,1,1,2,26.25,2,14,S,1,1,0
438,24,1,2,2,65,2,9,S,1,1,0
439,24,1,2,2,65,2,9,S,1,1,0
440,49,1,2,2,65,2,DNS,BNR,0,0,1
441,48,1,2,2,65,2,9,S,1,1,0
442,55,0,0,2,16,2,13,S,1,1,0
443,24,2,0,2,73.5,2,DNS,BNR,0,0,1
444,32,2,0,2,73.5,2,DNS,256,0,0,1
445,21,2,0,2,73.5,2,DNS,BNR,0,0,1
446,18,1,1,2,13,2,DNS,BNR,0,1,0
447,20,2,1,2,23,2,4,S,1,1,0
448,23,2,1,2,11.5,2,DNS,BNR,0,0,1
449,36,0,0,2,13,2,DNS,BNR,0,0,1
450,54,1,3,2,23,2,4,S,1,1,0
451,50,0,0,2,13,2,DNS,149,0,0,1
452,44,1,0,2,26,2,DNS,BNR,0,0,1
453,29,1,0,2,26,2,10,S,1,1,0
454,21,0,0,2,73.5,2,DNS,BNR,0,0,1
455,42,0,0,2,13,2,10,S,1,0,1
456,63,1,0,2,26,2,DNS,BNR,0,0,1
457,60,1,0,2,26,2,DNS,BNR,0,1,0
458,33,0,0,2,12.275,2,DNS,BNR,0,0,1
459,17,0,0,2,10.5,2,DNS,S,1,1,0
460,42,1,0,2,27,2,DNS,BNR,0,0,1
461,24,2,1,2,27,2,12,S,1,1,0
462,47,0,0,2,15,2,DNS,BNR,0,0,1
463,24,2,0,2,31.5,2,DNS,BNR,0,0,1
464,22,2,0,2,31.5,2,DNS,BNR,0,0,1
465,32,0,0,2,10.5,2,DNS,BNR,0,0,1
466,23,0,0,2,13.7917,0,11,S,1,1,0
467,34,1,0,2,26,2,DNS,283,0,0,1
468,24,1,0,2,26,2,12,S,1,1,0
469,22,0,0,2,21,2,DNS,BNR,0,1,0
470,20,0,0,2,12.35,1,10,S,1,1,0
471,35,0,0,2,12.35,1,DNS,BNR,0,0,1
472,45,0,0,2,13.5,2,9,S,1,1,0
473,57,0,0,2,12.35,1,DNS,BNR,0,0,1
474,30,0,0,2,0,2,DNS,BNR,0,0,1
475,31,0,0,2,10.5,2,DNS,165,0,0,1
476,26,1,1,2,26,2,DNS,BNR,0,1,0
477,30,1,1,2,26,2,DNS,BNR,0,0,1
478,30,0,0,2,10.7083,1,DNS,BNR,0,0,1
479,1,1,2,2,41.5792,0,14,S,1,1,0
480,3,1,2,2,41.5792,0,14,S,1,1,0
481,25,1,2,2,41.5792,0,DNS,BNR,0,0,1
482,22,1,2,2,41.5792,0,14,S,1,1,0
483,17,0,0,2,12,0,12,S,1,1,0
484,20,0,0,2,33,2,11,S,1,1,0
485,34,0,0,2,10.5,2,14,S,1,1,0
486,36,0,0,2,12.875,0,DNS,BNR,0,0,1
487,24,0,0,2,10.5,2,DNS,108,0,0,1
488,61,0,0,2,12.35,1,DNS,BNR,0,0,1
489,50,1,0,2,26,2,DNS,121,0,0,1
490,42,1,0,2,26,2,DNS,S,1,1,0
491,57,0,0,2,10.5,2,DNS,52,0,1,0
492,30,0,0,2,15.0458,0,DNS,BNR,0,0,1
493,1,0,2,2,37.0042,0,10,S,1,0,1
494,31,1,1,2,37.0042,0,DNS,BNR,0,0,1
495,24,1,1,2,37.0042,0,10,S,1,1,0
496,30,0,0,2,15.5792,0,DNS,BNR,0,0,1
497,30,0,0,2,13,2,DNS,BNR,0,0,1
498,40,0,0,2,16,2,DNS,BNR,0,0,1
499,32,0,0,2,13.5,2,DNS,209,0,0,1
500,30,0,0,2,13,2,DNS,BNR,0,0,1
501,46,0,0,2,26,2,DNS,BNR,0,0,1
502,13,0,1,2,19.5,2,14,S,1,1,0
503,41,0,1,2,19.5,2,14,S,1,1,0
504,19,0,0,2,10.5,2,B,S,1,0,1
505,39,0,0,2,13,2,DNS,BNR,0,0,1
506,48,0,0,2,13,2,DNS,271,0,0,1
507,70,0,0,2,10.5,2,DNS,BNR,0,0,1
508,27,0,0,2,13,2,DNS,BNR,0,0,1
509,54,0,0,2,14,2,DNS,BNR,0,0,1
510,39,0,0,2,26,2,DNS,BNR,0,0,1
511,16,0,0,2,10.5,2,DNS,BNR,0,0,1
512,62,0,0,2,9.6875,1,DNS,BNR,0,0,1
513,32.5,1,0,2,30.0708,0,DNS,43,0,0,1
514,14,1,0,2,30.0708,0,DNS,S,1,1,0
515,2,1,1,2,26,2,D,S,1,0,1
516,3,1,1,2,26,2,D,S,1,0,1
517,36.5,0,2,2,26,2,DNS,15,0,0,1
518,26,0,0,2,13,2,DNS,BNR,0,0,1
519,19,1,1,2,36.75,2,DNS,101,0,0,1
520,28,0,0,2,13.5,2,DNS,287,0,0,1
521,20,0,0,2,13.8625,0,7,S,1,0,1
522,29,0,0,2,10.5,2,11,S,1,1,0
523,39,0,0,2,13,2,DNS,BNR,0,0,1
524,22,0,0,2,10.5,2,13,S,1,0,1
525,30,0,0,2,13.8625,0,9,S,1,0,1
526,23,0,0,2,10.5,2,DNS,BNR,0,0,1
527,29,0,0,2,13.8583,0,9,S,1,0,1
528,28,0,0,2,10.5,2,DNS,BNR,0,0,1
529,30,0,0,2,0,2,DNS,BNR,0,0,1
530,50,0,1,2,26,2,12,S,1,1,0
531,19,0,0,2,10.5,2,DNS,BNR,0,0,1
532,30,0,0,2,15.05,0,DNS,BNR,0,0,1
533,41,0,0,2,13,2,DNS,BNR,0,0,1
534,21,0,1,2,21,2,12,S,1,1,0
535,19,0,0,2,26,2,11,S,1,1,0
536,43,0,1,2,21,2,DNS,BNR,0,0,1
537,32,0,0,2,13,2,9,S,1,1,0
538,34,0,0,2,13,2,DNS,BNR,0,0,1
539,30,0,0,2,12.7375,0,14,S,1,0,1
540,27,0,0,2,15.0333,0,DNS,BNR,0,0,1
541,2,1,1,2,26,2,11,S,1,1,0
542,8,1,1,2,26,2,11,S,1,1,0
543,33,0,2,2,26,2,11,S,1,1,0
544,36,0,0,2,10.5,2,DNS,BNR,0,0,1
545,34,1,0,2,21,2,12,BNR,0,0,1
546,30,3,0,2,21,2,DNS,S,1,1,0
547,28,0,0,2,13,2,9,S,1,1,0
548,23,0,0,2,15.0458,0,DNS,BNR,0,0,1
549,0.8333,1,1,2,18.75,2,4,S,1,0,1
550,3,1,1,2,18.75,2,4,S,1,0,1
551,24,2,3,2,18.75,2,4,S,1,1,0
552,50,0,0,2,10.5,2,13,S,1,1,0
553,19,0,0,2,10.5,2,DNS,BNR,0,0,1
554,21,0,0,2,10.5,2,12,S,1,1,0
555,26,0,0,2,13,2,DNS,BNR,0,0,1
556,25,0,0,2,13,2,DNS,BNR,0,0,1
557,27,0,0,2,26,2,DNS,BNR,0,0,1
558,25,0,1,2,26,2,12,S,1,1,0
559,18,0,2,2,13,2,16,S,1,1,0
560,20,0,0,2,36.75,2,11,S,1,1,0
561,30,0,0,2,13,2,10,S,1,1,0
562,59,0,0,2,13.5,2,DNS,BNR,0,0,1
563,30,0,0,2,12.35,1,13,S,1,1,0
564,35,0,0,2,10.5,2,DNS,BNR,0,0,1
565,40,0,0,2,13,2,9,S,1,1,0
566,25,0,0,2,13,2,DNS,BNR,0,0,1
567,41,0,0,2,15.0458,0,DNS,BNR,0,0,1
568,25,0,0,2,10.5,2,DNS,81,0,0,1
569,18.5,0,0,2,13,2,DNS,294,0,0,1
570,14,0,0,2,65,2,DNS,BNR,0,0,1
571,50,0,0,2,10.5,2,9,S,1,1,0
572,23,0,0,2,13,2,DNS,BNR,0,0,1
573,28,0,0,2,12.65,2,DNS,S,1,1,0
574,27,0,0,2,10.5,2,16,S,1,1,0
575,29,1,0,2,21,2,DNS,BNR,0,0,1
576,27,1,0,2,21,2,DNS,BNR,0,1,0
577,40,0,0,2,13,2,DNS,BNR,0,0,1
578,31,0,0,2,21,2,14,S,1,1,0
579,30,1,0,2,21,2,DNS,BNR,0,0,1
580,23,1,0,2,10.5,2,DNS,BNR,0,0,1
581,31,0,0,2,21,2,10,S,1,1,0
582,30,0,0,2,0,2,DNS,BNR,0,0,1
583,12,0,0,2,15.75,2,9,S,1,1,0
584,40,0,0,2,15.75,2,9,S,1,1,0
585,32.5,0,0,2,13,2,12,S,1,1,0
586,27,1,0,2,26,2,DNS,293,0,0,1
587,29,1,0,2,26,2,10,S,1,1,0
588,2,1,1,2,23,2,14,S,1,0,1
589,4,1,1,2,23,2,14,S,1,1,0
590,29,0,2,2,23,2,14,S,1,1,0
591,0.9167,1,2,2,27.75,2,10,S,1,1,0
592,5,1,2,2,27.75,2,10,S,1,1,0
593,36,1,2,2,27.75,2,DNS,BNR,0,0,1
594,33,1,2,2,27.75,2,10,S,1,1,0
595,66,0,0,2,10.5,2,DNS,BNR,0,0,1
596,30,0,0,2,12.875,2,DNS,BNR,0,0,1
597,31,0,0,2,13,2,9,S,1,0,1
598,30,0,0,2,13,2,14,S,1,0,1
599,26,0,0,2,13.5,2,9,S,1,1,0
600,24,0,0,2,13,2,DNS,BNR,0,1,0
601,42,0,0,3,7.55,2,DNS,BNR,0,0,1
602,13,0,2,3,20.25,2,DNS,BNR,0,0,1
603,16,1,1,3,20.25,2,DNS,190,0,0,1
604,35,1,1,3,20.25,2,A,S,1,1,0
605,16,0,0,3,7.65,2,16,S,1,1,0
606,25,0,0,3,7.65,2,A,S,1,0,1
607,20,0,0,3,7.925,2,15,S,1,0,1
608,18,0,0,3,7.2292,0,C,S,1,1,0
609,30,0,0,3,7.25,2,DNS,72,0,0,1
610,26,0,0,3,8.05,2,DNS,103,0,0,1
611,40,1,0,3,9.475,2,DNS,BNR,0,1,0
612,0.8333,0,1,3,9.35,2,11,S,1,0,1
613,18,0,1,3,9.35,2,13,S,1,1,0
614,26,0,0,3,18.7875,0,15,S,1,0,1
615,26,0,0,3,7.8875,2,DNS,BNR,0,0,1
616,20,0,0,3,7.925,2,DNS,BNR,0,0,1
617,24,0,0,3,7.05,2,DNS,BNR,0,0,1
618,25,0,0,3,7.05,2,DNS,79,0,0,1
619,35,0,0,3,8.05,2,DNS,BNR,0,0,1
620,18,0,0,3,8.3,2,DNS,259,0,0,1
621,32,0,0,3,22.525,2,DNS,260,0,0,1
622,19,1,0,3,7.8542,2,16,S,1,1,0
623,4,4,2,3,31.275,2,DNS,BNR,0,0,1
624,6,4,2,3,31.275,2,DNS,BNR,0,1,0
625,2,4,2,3,31.275,2,DNS,BNR,0,1,0
626,17,4,2,3,7.925,2,D,S,1,1,0
627,38,4,2,3,7.775,2,DNS,BNR,0,1,0
628,9,4,2,3,31.275,2,DNS,BNR,0,1,0
629,11,4,2,3,31.275,2,DNS,BNR,0,1,0
630,39,1,5,3,31.275,2,DNS,BNR,0,0,1
631,27,0,0,3,7.7958,2,A,S,1,0,1
632,26,0,0,3,7.775,2,DNS,BNR,0,0,1
633,39,1,5,3,31.275,2,DNS,BNR,0,1,0
634,20,0,0,3,7.8542,2,DNS,BNR,0,0,1
635,26,0,0,3,7.8958,2,DNS,BNR,0,0,1
636,25,1,0,3,17.8,2,DNS,BNR,0,0,1
637,18,1,0,3,17.8,2,DNS,BNR,0,1,0
638,24,0,0,3,7.775,2,DNS,BNR,0,0,1
639,35,0,0,3,7.05,2,DNS,BNR,0,0,1
640,5,4,2,3,31.3875,2,DNS,BNR,0,0,1
641,9,4,2,3,31.3875,2,DNS,BNR,0,0,1
642,3,4,2,3,31.3875,2,15,S,1,0,1
643,13,4,2,3,31.3875,2,DNS,BNR,0,0,1
644,5,4,2,3,31.3875,2,15,S,1,1,0
645,40,1,5,3,31.3875,2,DNS,142,0,0,1
646,23,0,0,3,7.7958,2,13,S,1,0,1
647,38,1,5,3,31.3875,2,15,S,1,1,0
648,45,0,0,3,7.225,0,C,S,1,1,0
649,21,0,0,3,7.225,0,DNS,BNR,0,0,1
650,23,0,0,3,7.05,2,DNS,BNR,0,0,1
651,17,0,0,3,14.4583,0,DNS,BNR,0,1,0
652,30,0,0,3,7.225,0,DNS,BNR,0,0,1
653,23,0,0,3,7.8542,2,DNS,BNR,0,0,1
654,13,0,0,3,7.2292,0,C,S,1,1,0
655,20,0,0,3,7.225,0,DNS,BNR,0,0,1
656,32,1,0,3,15.85,2,D,BNR,0,0,1
657,33,3,0,3,15.85,2,DNS,S,1,1,0
658,0.75,2,1,3,19.2583,0,C,S,1,1,0
659,0.75,2,1,3,19.2583,0,C,S,1,1,0
660,5,2,1,3,19.2583,0,C,S,1,1,0
661,24,0,3,3,19.2583,0,C,S,1,1,0
662,18,0,0,3,8.05,2,C,S,1,1,0
663,40,0,0,3,7.225,0,DNS,BNR,0,0,1
664,26,0,0,3,7.8958,2,DNS,BNR,0,0,1
665,20,0,0,3,7.2292,0,15,S,1,0,1
666,18,0,1,3,14.4542,0,DNS,BNR,0,1,0
667,45,0,1,3,14.4542,0,DNS,BNR,0,1,0
668,27,0,0,3,7.8792,1,DNS,BNR,0,1,0
669,22,0,0,3,8.05,2,DNS,BNR,0,0,1
670,19,0,0,3,8.05,2,DNS,BNR,0,0,1
671,26,0,0,3,7.775,2,DNS,BNR,0,0,1
672,22,0,0,3,9.35,2,DNS,BNR,0,0,1
673,6,0,0,3,7.2292,0,DNS,BNR,0,0,1
674,20,0,0,3,4.0125,0,DNS,BNR,0,0,1
675,32,0,0,3,56.4958,2,C,S,1,0,1
676,21,0,0,3,7.775,2,DNS,BNR,0,0,1
677,18,0,0,3,7.75,2,DNS,BNR,0,0,1
678,26,0,0,3,7.8958,2,DNS,BNR,0,0,1
679,6,1,1,3,15.2458,0,DNS,BNR,0,0,1
680,9,1,1,3,15.2458,0,DNS,BNR,0,1,0
681,26,0,0,3,7.225,0,DNS,BNR,0,0,1
682,31,0,2,3,15.2458,0,DNS,BNR,0,1,0
683,18,0,2,3,7.75,1,DNS,BNR,0,1,0
684,40,1,1,3,15.5,1,DNS,BNR,0,0,1
685,32,1,1,3,15.5,1,DNS,BNR,0,1,0
686,21,0,0,3,16.1,2,DNS,BNR,0,0,1
687,22,0,0,3,7.725,1,13,S,1,1,0
688,20,0,0,3,7.8542,2,DNS,BNR,0,1,0
689,29,1,0,3,7.0458,2,DNS,BNR,0,0,1
690,22,1,0,3,7.25,2,DNS,BNR,0,0,1
691,22,0,0,3,7.7958,2,DNS,BNR,0,0,1
692,35,0,0,3,8.05,2,DNS,BNR,0,0,1
693,18.5,0,0,3,7.2833,1,DNS,299,0,1,0
694,21,0,0,3,7.8208,1,13,S,1,0,1
695,19,0,0,3,6.75,1,DNS,BNR,0,0,1
696,18,0,0,3,7.8792,1,DNS,BNR,0,1,0
697,21,0,0,3,8.6625,2,DNS,BNR,0,1,0
698,30,0,0,3,8.6625,2,DNS,BNR,0,1,0
699,18,0,0,3,8.6625,2,DNS,BNR,0,0,1
700,38,0,0,3,8.6625,2,DNS,BNR,0,0,1
701,17,0,0,3,8.6625,2,DNS,BNR,0,0,1
702,17,0,0,3,8.6625,2,DNS,BNR,0,0,1
703,21,0,0,3,7.75,1,DNS,BNR,0,1,0
704,21,0,0,3,7.75,1,DNS,BNR,0,0,1
705,21,0,0,3,8.05,2,DNS,BNR,0,0,1
706,26,1,0,3,14.4583,0,DNS,BNR,0,0,1
707,31,1,0,3,14.4583,0,DNS,BNR,0,1,0
708,28,0,0,3,7.7958,2,DNS,BNR,0,0,1
709,24,0,0,3,7.8542,2,DNS,BNR,0,0,1
710,16,0,0,3,7.75,1,16,S,1,1,0
711,37,0,0,3,7.75,1,DNS,BNR,0,1,0
712,28,0,0,3,7.25,2,DNS,BNR,0,0,1
713,24,0,0,3,8.05,2,DNS,BNR,0,0,1
714,21,0,0,3,7.7333,1,DNS,BNR,0,0,1
715,32,0,0,3,56.4958,2,C,S,1,0,1
716,29,0,0,3,8.05,2,DNS,BNR,0,0,1
717,26,1,0,3,14.4542,0,DNS,BNR,0,0,1
718,18,1,0,3,14.4542,0,DNS,BNR,0,0,1
719,20,0,0,3,7.05,2,DNS,BNR,0,0,1
720,18,0,0,3,8.05,2,12,S,1,0,1
721,24,0,0,3,7.25,1,DNS,BNR,0,0,1
722,36,0,0,3,7.4958,2,DNS,BNR,0,0,1
723,24,0,0,3,7.4958,2,DNS,BNR,0,0,1
724,31,0,0,3,7.7333,1,DNS,BNR,0,0,1
725,31,0,0,3,7.75,1,DNS,BNR,0,0,1
726,22,0,0,3,7.75,1,13,S,1,1,0
727,30,0,0,3,7.6292,1,DNS,BNR,0,1,0
728,70.5,0,0,3,7.75,1,DNS,171,0,0,1
729,43,0,0,3,8.05,2,DNS,BNR,0,0,1
730,35,0,0,3,7.8958,2,DNS,BNR,0,0,1
731,27,0,0,3,7.8958,2,DNS,BNR,0,0,1
732,19,0,0,3,7.8958,2,DNS,BNR,0,0,1
733,30,0,0,3,8.05,2,DNS,BNR,0,0,1
734,9,1,1,3,15.9,2,2,S,1,0,1
735,3,1,1,3,15.9,2,2,S,1,0,1
736,36,0,2,3,15.9,2,2,S,1,1,0
737,59,0,0,3,7.25,2,DNS,BNR,0,0,1
738,19,0,0,3,8.1583,2,DNS,BNR,0,0,1
739,17,0,1,3,16.1,2,12,S,1,1,0
740,44,0,1,3,16.1,2,DNS,BNR,0,0,1
741,17,0,0,3,8.6625,2,DNS,BNR,0,0,1
742,22.5,0,0,3,7.225,0,DNS,9,0,0,1
743,45,0,0,3,8.05,2,15,S,1,0,1
744,22,0,0,3,10.5167,2,DNS,BNR,0,1,0
745,19,0,0,3,10.1708,2,DNS,BNR,0,0,1
746,30,0,0,3,6.95,1,15,S,1,1,0
747,29,0,0,3,7.75,1,13 15 B,S,1,0,1
748,0.3333,0,2,3,14.4,2,DNS,BNR,0,0,1
749,34,1,1,3,14.4,2,DNS,197,0,0,1
750,28,1,1,3,14.4,2,DNS,BNR,0,1,0
751,27,0,0,3,7.8958,2,DNS,BNR,0,0,1
752,25,0,0,3,7.8958,2,DNS,BNR,0,0,1
753,24,2,0,3,24.15,2,DNS,BNR,0,0,1
754,22,0,0,3,8.05,2,DNS,BNR,0,0,1
755,21,2,0,3,24.15,2,DNS,BNR,0,0,1
756,17,2,0,3,8.05,2,DNS,BNR,0,0,1
757,26,1,0,3,16.1,2,DNS,BNR,0,0,1
758,31,1,0,3,16.1,2,16,S,1,1,0
759,36.5,1,0,3,17.4,2,15,S,1,0,1
760,36,1,0,3,17.4,2,13,S,1,1,0
761,30,0,0,3,9.5,2,11,S,1,0,1
762,16,0,0,3,9.5,2,DNS,BNR,0,0,1
763,1,1,2,3,20.575,2,10,S,1,0,1
764,0.1667,1,2,3,20.575,2,10,S,1,1,0
765,26,1,2,3,20.575,2,DNS,BNR,0,0,1
766,33,1,2,3,20.575,2,10,S,1,1,0
767,25,0,0,3,7.8958,2,DNS,BNR,0,0,1
768,26,0,0,3,7.8958,2,DNS,BNR,0,0,1
769,26,0,0,3,7.8958,2,DNS,BNR,0,0,1
770,22,0,0,3,7.25,2,DNS,BNR,0,0,1
771,36,0,0,3,7.25,2,DNS,BNR,0,0,1
772,19,0,0,3,7.8792,1,C,S,1,1,0
773,17,0,0,3,7.8958,2,DNS,BNR,0,0,1
774,42,0,0,3,8.6625,2,DNS,BNR,0,0,1
775,43,0,0,3,7.8958,2,DNS,BNR,0,0,1
776,26,0,0,3,7.2292,0,DNS,BNR,0,0,1
777,32,0,0,3,7.75,1,DNS,BNR,0,0,1
778,19,0,0,3,8.05,2,B,S,1,0,1
779,30,0,0,3,12.475,2,13,S,1,1,0
780,24,0,0,3,7.75,1,DNS,BNR,0,1,0
781,23,0,0,3,8.05,2,DNS,S,1,1,0
782,33,0,0,3,7.8958,0,DNS,51,0,0,1
783,65,0,0,3,7.75,1,DNS,BNR,0,0,1
784,24,0,0,3,7.55,2,D,S,1,0,1
785,23,1,0,3,13.9,2,DNS,BNR,0,0,1
786,22,1,0,3,13.9,2,16,S,1,1,0
787,18,0,0,3,7.775,2,DNS,BNR,0,0,1
788,16,0,0,3,7.775,2,DNS,BNR,0,0,1
789,45,0,0,3,6.975,2,DNS,BNR,0,0,1
790,26,0,0,3,7.225,0,DNS,BNR,0,0,1
791,39,0,2,3,7.2292,0,DNS,BNR,0,0,1
792,17,1,1,3,7.2292,0,DNS,BNR,0,0,1
793,15,1,1,3,7.2292,0,DNS,BNR,0,0,1
794,47,0,0,3,7.25,2,DNS,BNR,0,0,1
795,5,0,0,3,12.475,2,13,S,1,1,0
796,26,0,0,3,7.225,0,DNS,BNR,0,0,1
797,40.5,0,0,3,15.1,2,DNS,187,0,0,1
798,40.5,0,0,3,7.75,1,DNS,68,0,0,1
799,26,0,0,3,7.05,2,15,S,1,0,1
800,18,0,0,3,7.7958,2,DNS,BNR,0,0,1
801,18,0,0,3,7.75,1,DNS,BNR,0,1,0
802,26,0,0,3,7.75,1,DNS,BNR,0,0,1
803,26,0,0,3,6.95,1,DNS,BNR,0,0,1
804,26,0,0,3,7.8792,1,DNS,BNR,0,0,1
805,26,0,0,3,7.75,1,DNS,BNR,0,0,1
806,26,0,0,3,56.4958,2,13,S,1,0,1
807,21,2,2,3,34.375,2,DNS,BNR,0,1,0
808,9,2,2,3,34.375,2,DNS,BNR,0,1,0
809,26,0,0,3,8.05,2,DNS,BNR,0,0,1
810,18,2,2,3,34.375,2,DNS,BNR,0,0,1
811,16,1,3,3,34.375,2,DNS,BNR,0,0,1
812,48,1,3,3,34.375,2,DNS,BNR,0,1,0
813,26,0,0,3,7.75,1,DNS,BNR,0,0,1
814,26,0,0,3,7.25,2,DNS,BNR,0,0,1
815,25,0,0,3,7.7417,1,DNS,BNR,0,0,1
816,26,0,0,3,14.5,2,DNS,BNR,0,0,1
817,26,0,0,3,7.8958,0,DNS,BNR,0,0,1
818,22,0,0,3,8.05,2,DNS,47,0,0,1
819,16,0,0,3,7.7333,1,16,S,1,1,0
820,18,0,0,3,7.75,1,13,S,1,1,0
821,9,0,2,3,20.525,2,C D,S,1,0,1
822,33,1,1,3,20.525,2,DNS,BNR,0,0,1
823,41,0,0,3,7.85,2,DNS,BNR,0,0,1
824,31,1,1,3,20.525,2,C D,S,1,1,0
825,38,0,0,3,7.05,2,DNS,BNR,0,0,1
826,9,5,2,3,46.9,2,DNS,BNR,0,0,1
827,1,5,2,3,46.9,2,DNS,BNR,0,0,1
828,11,5,2,3,46.9,2,DNS,BNR,0,0,1
829,10,5,2,3,46.9,2,DNS,BNR,0,1,0
830,16,5,2,3,46.9,2,DNS,BNR,0,1,0
831,14,5,2,3,46.9,2,DNS,BNR,0,0,1
832,40,1,6,3,46.9,2,DNS,BNR,0,0,1
833,43,1,6,3,46.9,2,DNS,BNR,0,1,0
834,51,0,0,3,8.05,2,DNS,BNR,0,0,1
835,32,0,0,3,8.3625,2,DNS,BNR,0,0,1
836,26,0,0,3,8.05,2,DNS,BNR,0,0,1
837,20,0,0,3,9.8458,2,DNS,BNR,0,0,1
838,37,2,0,3,7.925,2,DNS,98,0,0,1
839,28,2,0,3,7.925,2,DNS,BNR,0,0,1
840,19,0,0,3,7.775,2,DNS,BNR,0,0,1
841,24,0,0,3,8.85,2,DNS,BNR,0,1,0
842,17,0,0,3,7.7333,1,DNS,BNR,0,1,0
843,26,1,0,3,19.9667,2,DNS,BNR,0,0,1
844,26,1,0,3,19.9667,2,DNS,BNR,0,0,1
845,28,1,0,3,15.85,2,DNS,BNR,0,0,1
846,24,1,0,3,15.85,2,15,S,1,1,0
847,20,0,0,3,9.5,2,DNS,BNR,0,0,1
848,23.5,0,0,3,7.2292,0,DNS,188,0,0,1
849,41,2,0,3,14.1083,2,DNS,BNR,0,0,1
850,26,1,0,3,7.8542,2,DNS,BNR,0,0,1
851,21,0,0,3,7.8542,2,DNS,69,0,0,1
852,45,1,0,3,14.1083,2,11,S,1,1,0
853,18,0,0,3,7.55,2,DNS,BNR,0,1,0
854,25,0,0,3,7.25,2,B,BNR,0,0,1
855,26,0,0,3,6.8583,1,DNS,BNR,0,0,1
856,11,0,0,3,18.7875,0,DNS,BNR,0,0,1
857,18,0,0,3,7.75,1,16,S,1,1,0
858,27,0,0,3,6.975,2,15,S,1,0,1
859,26,0,0,3,56.4958,2,C,S,1,0,1
860,18,0,0,3,6.75,1,DNS,BNR,0,1,0
861,26,0,0,3,7.925,2,DNS,S,1,1,0
862,23,0,0,3,7.925,2,DNS,BNR,0,1,0
863,22,0,0,3,8.9625,2,C,S,1,1,0
864,28,0,0,3,7.8958,2,DNS,306,0,0,1
865,28,0,0,3,7.775,2,DNS,BNR,0,1,0
866,18,0,0,3,7.75,1,DNS,BNR,0,1,0
867,2,0,1,3,12.2875,2,15,S,1,1,0
868,22,1,1,3,12.2875,2,15,S,1,1,0
869,43,0,0,3,6.45,2,DNS,BNR,0,0,1
870,28,0,0,3,22.525,2,DNS,BNR,0,0,1
871,27,0,0,3,7.925,2,DNS,S,1,1,0
872,26,0,0,3,7.75,1,DNS,BNR,0,0,1
873,18,0,0,3,8.05,2,C,S,1,1,0
874,42,0,0,3,7.65,2,DNS,120,0,0,1
875,26,0,0,3,7.8875,2,C,S,1,0,1
876,30,0,0,3,7.2292,0,DNS,BNR,0,0,1
877,26,0,0,3,7.8958,2,DNS,BNR,0,0,1
878,27,1,0,3,7.925,2,DNS,BNR,0,1,0
879,25,1,0,3,7.925,2,DNS,BNR,0,1,0
880,26,0,0,3,7.8958,2,DNS,BNR,0,0,1
881,29,0,0,3,7.8958,0,15,S,1,0,1
882,21,0,0,3,7.7958,2,A,S,1,0,1
883,26,0,0,3,7.05,2,DNS,BNR,0,0,1
884,20,0,0,3,7.8542,2,DNS,BNR,0,0,1
885,48,0,0,3,7.8542,2,DNS,BNR,0,0,1
886,17,1,0,3,7.0542,2,DNS,BNR,0,0,1
887,18,0,0,3,7.75,1,D,S,1,1,0
888,26,0,0,3,8.1125,2,13,S,1,0,1
889,34,0,0,3,6.4958,2,DNS,143,0,0,1
890,26,0,0,3,7.775,2,15,S,1,0,1
891,22,0,0,3,7.7958,2,DNS,156,0,0,1
892,33,0,0,3,8.6542,2,DNS,285,0,0,1
893,31,0,0,3,7.775,2,DNS,BNR,0,0,1
894,29,0,0,3,7.8542,2,DNS,BNR,0,0,1
895,4,1,1,3,11.1333,2,15,S,1,0,1
896,1,1,1,3,11.1333,2,15,S,1,1,0
897,49,0,0,3,0,2,DNS,BNR,0,0,1
898,33,0,0,3,7.775,2,DNS,37,0,0,1
899,19,0,0,3,0,2,DNS,BNR,0,0,1
900,27,0,2,3,11.1333,2,15,S,1,1,0
901,6,1,2,3,23.45,2,DNS,BNR,0,0,1
902,18,1,2,3,23.45,2,DNS,BNR,0,1,0
903,26,1,2,3,23.45,2,DNS,BNR,0,0,1
904,31,1,2,3,23.45,2,DNS,BNR,0,1,0
905,23,0,0,3,7.8958,2,DNS,BNR,0,0,1
906,32,0,0,3,7.8542,2,15,S,1,0,1
907,27,0,0,3,7.8542,2,DNS,BNR,0,0,1
908,20,1,0,3,9.825,2,DNS,BNR,0,1,0
909,21,1,0,3,9.825,2,DNS,BNR,0,1,0
910,32,0,0,3,7.925,2,15,S,1,0,1
911,17,0,0,3,7.125,2,DNS,BNR,0,0,1
912,21,0,0,3,8.4333,2,DNS,BNR,0,0,1
913,30,0,0,3,7.8958,2,DNS,BNR,0,0,1
914,21,0,0,3,7.7958,2,13,S,1,0,1
915,33,0,0,3,7.8542,2,DNS,BNR,0,0,1
916,22,0,0,3,7.5208,2,DNS,BNR,0,0,1
917,4,0,1,3,13.4167,0,15,S,1,1,0
918,39,0,1,3,13.4167,0,15,S,1,0,1
919,26,0,0,3,7.2292,0,DNS,BNR,0,0,1
920,18.5,0,0,3,7.2292,0,DNS,58,0,0,1
921,26,0,0,3,7.75,1,DNS,BNR,0,0,1
922,26,0,0,3,7.25,2,A,BNR,0,0,1
923,18,0,0,3,7.75,1,16,S,1,1,0
924,18,0,0,3,7.75,1,D,S,1,1,0
925,34.5,0,0,3,7.8292,1,DNS,70,0,0,1
926,44,0,0,3,8.05,2,DNS,BNR,0,0,1
927,26,0,0,3,7.75,1,DNS,S,1,0,1
928,26,1,0,3,14.4542,0,DNS,BNR,0,0,1
929,31,1,0,3,14.4542,0,DNS,BNR,0,1,0
930,26,1,0,3,7.75,1,DNS,BNR,0,0,1
931,26,1,0,3,7.75,1,DNS,BNR,0,0,1
932,26,0,0,3,7.7375,1,DNS,BNR,0,0,1
933,22,2,0,3,8.6625,2,DNS,BNR,0,1,0
934,26,2,0,3,8.6625,2,DNS,BNR,0,0,1
935,4,0,2,3,22.025,2,2,S,1,1,0
936,29,3,1,3,22.025,2,2,S,1,0,1
937,26,1,1,3,22.025,2,2,S,1,1,0
938,1,1,1,3,12.1833,2,DNS,BNR,0,1,0
939,18,1,1,3,7.8542,2,DNS,BNR,0,0,1
940,36,0,2,3,12.1833,2,DNS,BNR,0,1,0
941,26,0,0,3,7.8958,0,DNS,BNR,0,0,1
942,25,0,0,3,7.2292,0,10,S,1,0,1
943,26,0,0,3,7.225,0,DNS,BNR,0,0,1
944,37,0,0,3,9.5875,2,DNS,BNR,0,1,0
945,26,0,0,3,7.8958,2,DNS,BNR,0,0,1
946,26,0,0,3,56.4958,2,C,S,1,0,1
947,26,0,0,3,56.4958,2,DNS,BNR,0,0,1
948,22,0,0,3,7.25,2,13,S,1,1,0
949,26,0,0,3,7.75,1,DNS,BNR,0,0,1
950,26,0,0,3,56.4958,2,14,S,1,0,1
951,29,0,0,3,9.4833,2,DNS,BNR,0,0,1
952,29,0,0,3,7.775,2,DNS,BNR,0,0,1
953,22,0,0,3,7.775,2,DNS,BNR,0,0,1
954,22,0,0,3,7.225,0,6,S,1,0,1
955,6,3,1,3,25.4667,2,DNS,BNR,0,0,1
956,18,3,1,3,25.4667,2,DNS,BNR,0,1,0
957,18,3,1,3,25.4667,2,DNS,BNR,0,1,0
958,18,3,1,3,25.4667,2,DNS,BNR,0,1,0
959,31,0,4,3,25.4667,2,DNS,BNR,0,1,0
960,32,0,0,3,7.925,2,DNS,BNR,0,0,1
961,34.5,0,0,3,6.4375,0,DNS,196,0,0,1
962,18,1,0,3,15.5,1,DNS,BNR,0,1,0
963,26,1,0,3,15.5,1,DNS,BNR,0,0,1
964,36,0,0,3,0,2,DNS,BNR,0,0,1
965,39,0,0,3,24.15,2,DNS,BNR,0,0,1
966,24,0,0,3,9.5,2,DNS,BNR,0,0,1
967,25,0,0,3,7.775,2,DNS,BNR,0,1,0
968,45,0,0,3,7.75,2,DNS,BNR,0,1,0
969,36,1,0,3,15.55,2,A,BNR,0,0,1
970,30,1,0,3,15.55,2,A,BNR,0,1,0
971,20,1,0,3,7.925,2,15,S,1,0,1
972,26,0,0,3,7.8792,1,DNS,BNR,0,0,1
973,28,0,0,3,56.4958,2,DNS,BNR,0,0,1
974,26,0,0,3,7.55,2,DNS,BNR,0,0,1
975,30,1,0,3,16.1,2,DNS,BNR,0,0,1
976,26,1,0,3,16.1,2,DNS,BNR,0,1,0
977,26,0,0,3,7.8792,2,DNS,153,0,0,1
978,20.5,0,0,3,7.25,2,DNS,BNR,0,0,1
979,27,0,0,3,8.6625,2,15,S,1,0,1
980,51,0,0,3,7.0542,2,DNS,BNR,0,0,1
981,23,0,0,3,7.8542,2,10,S,1,1,0
982,32,0,0,3,7.5792,2,15,S,1,0,1
983,26,0,0,3,7.8958,2,DNS,BNR,0,0,1
984,26,0,0,3,7.55,2,DNS,BNR,0,0,1
985,18,0,0,3,7.75,1,15,S,1,1,0
986,24,0,0,3,7.1417,2,13,S,1,0,1
987,22,0,0,3,7.125,2,DNS,BNR,0,0,1
988,18,0,0,3,7.8792,1,DNS,BNR,0,1,0
989,26,0,0,3,7.75,1,DNS,BNR,0,0,1
990,26,0,0,3,8.05,2,DNS,BNR,0,0,1
991,29,0,0,3,7.925,2,DNS,BNR,0,0,1
992,26,0,0,3,7.2292,0,15,S,1,0,1
993,30.5,0,0,3,7.75,1,DNS,61,0,1,0
994,18,0,0,3,7.7375,1,16,S,1,1,0
995,26,0,0,3,7.2292,0,DNS,BNR,0,0,1
996,35,0,0,3,7.8958,0,DNS,BNR,0,0,1
997,33,0,0,3,7.8958,2,DNS,BNR,0,0,1
998,31,0,0,3,7.225,0,C,S,1,1,0
999,26,0,0,3,7.8958,0,DNS,BNR,0,0,1
1000,18,0,0,3,7.75,1,15 16,S,1,1,0
1001,26,0,0,3,7.75,1,DNS,S,1,0,1
1002,18,2,0,3,23.25,1,16,S,1,1,0
1003,18,2,0,3,23.25,1,16,S,1,1,0
1004,26,2,0,3,23.25,1,16,S,1,0,1
1005,18,0,0,3,7.7875,1,13,S,1,1,0
1006,26,0,0,3,15.5,1,DNS,BNR,0,0,1
1007,18,0,0,3,7.8792,1,13,S,1,1,0
1008,15,0,0,3,8.0292,1,DNS,S,1,1,0
1009,35,0,0,3,7.75,1,DNS,BNR,0,1,0
1010,26,0,0,3,7.75,1,DNS,BNR,0,0,1
1011,24,1,0,3,16.1,2,DNS,BNR,0,0,1
1012,19,1,0,3,16.1,2,DNS,53,0,1,0
1013,18,0,0,3,7.75,1,DNS,BNR,0,1,0
1014,18,0,0,3,8.05,2,DNS,BNR,0,1,0
1015,31,0,0,3,8.05,2,DNS,BNR,0,1,0
1016,55.5,0,0,3,8.05,2,DNS,201,0,0,1
1017,26,0,0,3,7.75,1,DNS,BNR,0,0,1
1018,21,0,0,3,7.775,2,15,S,1,0,1
1019,26,0,0,3,8.05,2,DNS,BNR,0,0,1
1020,24,0,0,3,7.8958,2,DNS,BNR,0,0,1
1021,21,0,0,3,7.8958,2,DNS,BNR,0,0,1
1022,28,0,0,3,7.8958,2,DNS,BNR,0,0,1
1023,26,0,0,3,7.8958,2,DNS,BNR,0,0,1
1024,18,0,0,3,7.8792,1,16,S,1,1,0
1025,25,0,0,3,7.65,2,DNS,309,0,0,1
1026,6,0,1,3,12.475,2,14,S,1,0,1
1027,27,0,1,3,12.475,2,14,S,1,1,0
1028,26,0,0,3,8.05,2,DNS,BNR,0,0,1
1029,18,1,0,3,24.15,1,16,S,1,1,0
1030,26,1,0,3,24.15,1,DNS,BNR,0,0,1
1031,26,0,0,3,8.4583,1,DNS,BNR,0,0,1
1032,34,0,0,3,8.05,2,DNS,BNR,0,0,1
1033,26,0,0,3,7.75,1,DNS,BNR,0,0,1
1034,26,0,0,3,7.775,2,B,S,1,0,1
1035,6,1,1,3,15.2458,0,C,S,1,0,1
1036,6,1,1,3,15.2458,0,C,S,1,0,1
1037,31,0,2,3,15.2458,0,C,S,1,1,0
1038,31,0,0,3,7.2292,0,DNS,S,1,1,0
1039,26,0,0,3,8.05,2,DNS,BNR,0,0,1
1040,18,0,0,3,7.7333,1,16,S,1,1,0
1041,24,0,0,3,7.75,1,15,S,1,1,0
1042,26,0,0,3,8.05,2,DNS,BNR,0,0,1
1043,18,1,0,3,15.5,1,16,S,1,1,0
1044,18,1,0,3,15.5,1,16,S,1,1,0
1045,18,0,0,3,15.5,1,16,S,1,1,0
1046,18,0,0,3,7.75,2,DNS,BNR,0,0,1
1047,22,0,0,3,7.8958,2,DNS,BNR,0,0,1
1048,15,0,0,3,7.225,0,C,S,1,1,0
1049,1,0,2,3,15.7417,0,C,S,1,1,0
1050,20,1,1,3,15.7417,0,C,S,1,0,1
1051,19,1,1,3,15.7417,0,C,S,1,1,0
1052,33,0,0,3,8.05,2,DNS,BNR,0,0,1
1053,26,0,0,3,7.8958,2,DNS,BNR,0,0,1
1054,26,0,0,3,7.2292,0,DNS,BNR,0,0,1
1055,18,0,0,3,7.75,1,DNS,BNR,0,1,0
1056,26,0,0,3,7.8958,2,DNS,BNR,0,0,1
1057,12,1,0,3,11.2417,0,C,S,1,0,1
1058,14,1,0,3,11.2417,0,C,S,1,1,0
1059,29,0,0,3,7.925,2,DNS,BNR,0,1,0
1060,28,0,0,3,8.05,2,DNS,BNR,0,0,1
1061,18,0,0,3,7.775,2,D,S,1,1,0
1062,26,0,0,3,7.8542,2,13,S,1,1,0
1063,21,0,0,3,7.8542,2,DNS,BNR,0,0,1
1064,41,0,0,3,7.125,2,DNS,BNR,0,0,1
1065,39,0,0,3,7.925,2,9,S,1,0,1
1066,21,0,0,3,7.8,2,DNS,BNR,0,0,1
1067,28.5,0,0,3,7.2292,0,DNS,181,0,0,1
1068,22,0,0,3,7.75,2,13,S,1,1,0
1069,61,0,0,3,6.2375,2,DNS,BNR,0,0,1
1070,26,1,0,3,15.5,1,DNS,BNR,0,0,1
1071,26,0,0,3,7.8292,1,DNS,BNR,0,0,1
1072,31,1,0,3,15.5,1,DNS,S,1,1,0
1073,26,0,0,3,7.7333,1,DNS,BNR,0,0,1
1074,26,0,0,3,7.75,1,DNS,BNR,0,0,1
1075,26,0,0,3,7.75,1,DNS,BNR,0,0,1
1076,23,0,0,3,9.225,2,DNS,BNR,0,0,1
1078,18,0,0,3,7.75,1,D,S,1,1,0
1079,18,0,0,3,7.8792,1,DNS,S,1,1,0
1080,22,0,0,3,7.775,2,C,S,1,1,0
1081,26,0,0,3,7.75,1,B,S,1,0,1
1082,18,0,0,3,7.8292,1,13,S,1,1,0
1083,9,0,1,3,3.1708,2,13,S,1,0,1
1084,28,0,0,3,22.525,2,DNS,173,0,0,1
1085,42,0,1,3,8.4042,2,DNS,BNR,0,0,1
1086,26,0,0,3,7.3125,2,DNS,BNR,0,0,1
1087,31,0,0,3,7.8542,2,DNS,BNR,0,1,0
1088,28,0,0,3,7.8542,2,DNS,BNR,0,0,1
1089,32,0,0,3,7.775,2,A,S,1,0,1
1090,20,0,0,3,9.225,2,DNS,89,0,0,1
1091,23,0,0,3,8.6625,2,DNS,BNR,0,1,0
1092,20,0,0,3,8.6625,2,DNS,BNR,0,1,0
1093,20,0,0,3,8.6625,2,DNS,BNR,0,0,1
1094,16,0,0,3,9.2167,2,DNS,BNR,0,0,1
1095,31,0,0,3,8.6833,2,DNS,S,1,1,0
1096,18,0,0,3,7.6292,1,DNS,BNR,0,1,0
1097,2,3,1,3,21.075,2,DNS,4,0,0,1
1098,6,3,1,3,21.075,2,DNS,BNR,0,0,1
1099,3,3,1,3,21.075,2,DNS,BNR,0,1,0
1100,8,3,1,3,21.075,2,DNS,BNR,0,1,0
1101,29,0,4,3,21.075,2,DNS,206,0,1,0
1102,1,4,1,3,39.6875,2,DNS,BNR,0,0,1
1103,7,4,1,3,39.6875,2,DNS,BNR,0,0,1
1104,2,4,1,3,39.6875,2,DNS,BNR,0,0,1
1105,16,4,1,3,39.6875,2,DNS,BNR,0,0,1
1106,14,4,1,3,39.6875,2,DNS,BNR,0,0,1
1107,41,0,5,3,39.6875,2,DNS,BNR,0,1,0
1108,21,0,0,3,8.6625,2,DNS,BNR,0,0,1
1109,19,0,0,3,14.5,2,DNS,BNR,0,0,1
1110,26,0,0,3,8.7125,0,DNS,BNR,0,0,1
1111,32,0,0,3,7.8958,2,DNS,BNR,0,0,1
1112,0.75,1,1,3,13.775,2,DNS,BNR,0,0,1
1113,3,1,1,3,13.775,2,DNS,BNR,0,1,0
1114,26,0,2,3,13.775,2,DNS,BNR,0,1,0
1115,26,0,0,3,7,2,DNS,BNR,0,0,1
1116,26,0,0,3,7.775,2,DNS,BNR,0,0,1
1117,26,0,0,3,8.05,2,DNS,BNR,0,0,1
1118,21,0,0,3,7.925,2,DNS,BNR,0,0,1
1119,25,0,0,3,7.925,2,DNS,BNR,0,0,1
1120,22,0,0,3,7.25,2,DNS,BNR,0,0,1
1121,25,1,0,3,7.775,2,15,S,1,0,1
1122,6,1,1,3,22.3583,0,C,S,1,0,1
1123,18,1,1,3,22.3583,0,D,S,1,1,0
1124,31,0,2,3,22.3583,0,D,S,1,1,0
1125,18,0,0,3,8.1375,1,DNS,BNR,0,1,0
1126,24,0,0,3,8.05,2,DNS,BNR,0,0,1
1127,28,0,0,3,7.8958,2,DNS,BNR,0,1,0
1128,19,0,0,3,7.8958,2,DNS,BNR,0,0,1
1129,26,0,0,3,7.8958,2,DNS,BNR,0,0,1
1130,25,1,0,3,7.775,2,DNS,BNR,0,0,1
1131,18,0,0,3,7.775,2,DNS,BNR,0,1,0
1132,32,0,0,3,8.05,2,9,S,1,0,1
1133,26,0,0,3,7.8958,2,DNS,BNR,0,0,1
1134,17,0,0,3,8.6625,2,DNS,BNR,0,0,1
1135,24,0,0,3,8.6625,2,DNS,BNR,0,0,1
1136,26,0,0,3,7.8958,2,DNS,BNR,0,0,1
1137,31,0,0,3,8.1125,2,DNS,BNR,0,1,0
1138,26,0,0,3,7.2292,0,DNS,BNR,0,0,1
1139,26,0,0,3,7.25,2,DNS,BNR,0,0,1
1140,38,0,0,3,7.8958,2,DNS,BNR,0,0,1
1141,21,0,0,3,8.05,2,DNS,BNR,0,0,1
1142,10,4,1,3,29.125,1,DNS,BNR,0,0,1
1143,4,4,1,3,29.125,1,DNS,BNR,0,0,1
1144,7,4,1,3,29.125,1,DNS,BNR,0,0,1
1145,2,4,1,3,29.125,1,DNS,BNR,0,0,1
1146,8,4,1,3,29.125,1,DNS,BNR,0,0,1
1147,39,0,5,3,29.125,1,DNS,327,0,1,0
1148,22,0,0,3,39.6875,2,DNS,BNR,0,1,0
1149,35,0,0,3,7.125,2,DNS,BNR,0,0,1
1150,18,0,0,3,7.7208,1,13,S,1,1,0
1151,26,0,0,3,14.5,2,DNS,BNR,0,0,1
1152,31,0,0,3,14.5,2,DNS,BNR,0,1,0
1153,50,1,0,3,14.5,2,DNS,119,0,0,1
1154,47,1,0,3,14.5,2,DNS,7,0,1,0
1155,26,0,0,3,8.05,2,DNS,BNR,0,0,1
1156,26,0,0,3,7.775,2,DNS,BNR,0,0,1
1157,2,1,1,3,20.2125,2,DNS,BNR,0,1,0
1158,18,1,1,3,20.2125,2,DNS,BNR,0,0,1
1159,41,0,2,3,20.2125,2,DNS,BNR,0,1,0
1160,18,0,0,3,8.05,2,C,S,1,1,0
1161,50,0,0,3,8.05,2,DNS,BNR,0,0,1
1162,16,0,0,3,8.05,2,DNS,BNR,0,0,1
1163,26,0,0,3,7.75,1,14,S,1,0,1
1164,26,0,0,3,24.15,1,DNS,BNR,0,0,1
1165,26,0,0,3,7.2292,0,DNS,BNR,0,0,1
1166,25,0,0,3,7.225,0,DNS,BNR,0,0,1
1167,26,0,0,3,7.225,0,DNS,BNR,0,0,1
1168,26,0,0,3,7.7292,1,DNS,BNR,0,0,1
1169,26,0,0,3,7.575,2,DNS,BNR,0,0,1
1170,38.5,0,0,3,7.25,2,DNS,32,0,0,1
1171,6,8,2,3,69.55,2,DNS,BNR,0,0,1
1172,14.5,8,2,3,69.55,2,DNS,67,0,0,1
1173,18,8,2,3,69.55,2,DNS,BNR,0,1,0
1174,18,8,2,3,69.55,2,DNS,BNR,0,1,0
1175,18,8,2,3,69.55,2,DNS,BNR,0,1,0
1176,18,8,2,3,69.55,2,DNS,BNR,0,1,0
1177,26,8,2,3,69.55,2,DNS,BNR,0,0,1
1178,26,8,2,3,69.55,2,DNS,BNR,0,0,1
1179,26,8,2,3,69.55,2,DNS,BNR,0,0,1
1180,26,1,9,3,69.55,2,DNS,BNR,0,0,1
1181,31,1,9,3,69.55,2,DNS,BNR,0,1,0
1182,24,0,0,3,9.325,2,DNS,BNR,0,0,1
1183,21,0,0,3,7.65,2,C,S,1,1,0
1184,39,0,0,3,7.925,2,DNS,BNR,0,0,1
1185,26,2,0,3,21.6792,0,DNS,BNR,0,0,1
1186,26,2,0,3,21.6792,0,DNS,BNR,0,0,1
1187,26,2,0,3,21.6792,0,DNS,BNR,0,0,1
1188,1,1,1,3,16.7,2,13,S,1,1,0
1189,24,0,2,3,16.7,2,13,S,1,1,0
1190,4,1,1,3,16.7,2,13,S,1,1,0
1191,25,0,0,3,9.5,2,11,S,1,0,1
1192,20,0,0,3,8.05,2,DNS,BNR,0,0,1
1193,24.5,0,0,3,8.05,2,DNS,284,0,0,1
1194,26,0,0,3,7.725,1,DNS,BNR,0,0,1
1195,26,0,0,3,7.8958,2,DNS,BNR,0,0,1
1196,26,0,0,3,7.75,1,DNS,BNR,0,0,1
1197,29,0,0,3,9.5,2,11,S,1,0,1
1198,26,0,0,3,15.1,2,DNS,BNR,0,0,1
1199,18,0,0,3,7.7792,1,DNS,S,1,1,0
1200,26,0,0,3,8.05,2,DNS,BNR,0,0,1
1201,26,0,0,3,8.05,2,DNS,BNR,0,0,1
1202,22,0,0,3,7.2292,0,DNS,BNR,0,0,1
1203,26,0,0,3,8.05,2,DNS,BNR,0,0,1
1204,40,0,0,3,7.8958,2,DNS,BNR,0,0,1
1205,21,0,0,3,7.925,2,DNS,BNR,0,0,1
1206,18,0,0,3,7.4958,2,16,S,1,1,0
1207,4,3,2,3,27.9,2,DNS,BNR,0,0,1
1208,10,3,2,3,27.9,2,DNS,BNR,0,0,1
1209,9,3,2,3,27.9,2,DNS,BNR,0,1,0
1210,2,3,2,3,27.9,2,DNS,BNR,0,1,0
1211,40,1,4,3,27.9,2,DNS,BNR,0,0,1
1212,45,1,4,3,27.9,2,DNS,BNR,0,1,0
1213,26,0,0,3,7.8958,2,DNS,BNR,0,0,1
1214,26,0,0,3,8.05,2,DNS,BNR,0,0,1
1215,26,0,0,3,8.6625,2,DNS,BNR,0,0,1
1216,26,0,0,3,7.75,1,DNS,BNR,0,0,1
1217,18,0,0,3,7.7333,1,13,S,1,1,0
1218,19,0,0,3,7.65,2,DNS,BNR,0,0,1
1219,30,0,0,3,8.05,2,DNS,BNR,0,0,1
1220,26,0,0,3,8.05,2,DNS,BNR,0,0,1
1221,32,0,0,3,8.05,2,DNS,BNR,0,0,1
1222,26,0,0,3,7.8958,2,DNS,BNR,0,0,1
1223,33,0,0,3,8.6625,0,DNS,BNR,0,0,1
1224,23,0,0,3,7.55,2,C,S,1,1,0
1225,21,0,0,3,8.05,2,DNS,BNR,0,0,1
1226,60.5,0,0,3,33.29547928134557,2,DNS,261,0,0,1
1227,19,0,0,3,7.8958,2,DNS,BNR,0,0,1
1228,22,0,0,3,9.8375,2,DNS,BNR,0,1,0
1229,31,0,0,3,7.925,2,9,S,1,0,1
1230,27,0,0,3,8.6625,2,DNS,BNR,0,0,1
1231,2,0,1,3,10.4625,2,DNS,BNR,0,1,0
1232,29,1,1,3,10.4625,2,DNS,BNR,0,1,0
1233,16,0,0,3,8.05,2,B,S,1,0,1
1234,44,0,0,3,7.925,2,15,S,1,0,1
1235,25,0,0,3,7.05,2,DNS,BNR,0,0,1
1236,74,0,0,3,7.775,2,DNS,BNR,0,0,1
1237,14,0,0,3,9.225,2,13,S,1,0,1
1238,24,0,0,3,7.7958,2,DNS,BNR,0,0,1
1239,25,0,0,3,7.7958,2,13 15,S,1,0,1
1240,34,0,0,3,8.05,2,DNS,176,0,0,1
1241,0.4167,0,1,3,8.5167,0,16,S,1,0,1
1242,26,1,0,3,6.4375,0,DNS,BNR,0,0,1
1243,26,0,0,3,6.4375,0,DNS,BNR,0,0,1
1244,26,0,0,3,7.225,0,DNS,BNR,0,0,1
1245,16,1,1,3,8.5167,0,14,S,1,1,0
1246,26,0,0,3,8.05,2,DNS,BNR,0,0,1
1247,26,1,0,3,16.1,2,DNS,BNR,0,0,1
1248,31,1,0,3,16.1,2,10,S,1,1,0
1249,32,0,0,3,7.925,2,DNS,BNR,0,0,1
1250,26,0,0,3,7.75,1,DNS,BNR,0,0,1
1251,26,0,0,3,7.8958,2,DNS,BNR,0,0,1
1252,30.5,0,0,3,8.05,2,DNS,50,0,0,1
1253,44,0,0,3,8.05,2,DNS,BNR,0,0,1
1254,26,0,0,3,7.2292,0,DNS,BNR,0,0,1
1255,25,0,0,3,0,2,15,S,1,0,1
1256,26,0,0,3,7.2292,0,DNS,BNR,0,0,1
1257,7,1,1,3,15.2458,0,C,S,1,0,1
1258,9,1,1,3,15.2458,0,C,S,1,1,0
1259,29,0,2,3,15.2458,0,C,S,1,1,0
1260,36,0,0,3,7.8958,2,DNS,BNR,0,0,1
1261,18,0,0,3,9.8417,2,15,S,1,1,0
1262,63,0,0,3,9.5875,2,15,S,1,1,0
1263,6,1,1,3,14.5,2,DNS,BNR,0,0,1
1264,11.5,1,1,3,14.5,2,DNS,1,0,0,1
1265,40.5,0,2,3,14.5,2,DNS,255,0,0,1
1266,10,0,2,3,24.15,2,DNS,BNR,0,1,0
1267,36,1,1,3,24.15,2,DNS,BNR,0,0,1
1268,30,1,1,3,24.15,2,DNS,BNR,0,1,0
1269,26,0,0,3,9.5,2,DNS,BNR,0,0,1
1270,33,0,0,3,9.5,2,DNS,BNR,0,0,1
1271,28,0,0,3,9.5,2,DNS,BNR,0,0,1
1272,28,0,0,3,9.5,2,DNS,BNR,0,0,1
1273,47,0,0,3,9,2,DNS,BNR,0,0,1
1274,18,2,0,3,18,2,DNS,BNR,0,1,0
1275,31,3,0,3,18,2,DNS,BNR,0,0,1
1276,16,2,0,3,18,2,DNS,BNR,0,0,1
1277,31,1,0,3,18,2,DNS,BNR,0,1,0
1278,22,0,0,3,7.225,0,13 15,S,1,0,1
1279,20,0,0,3,7.8542,2,DNS,BNR,0,0,1
1280,14,0,0,3,7.8542,2,DNS,BNR,0,1,0
1281,22,0,0,3,7.8958,2,DNS,BNR,0,0,1
1282,22,0,0,3,9,2,DNS,BNR,0,0,1
1283,26,0,0,3,8.05,2,DNS,BNR,0,0,1
1284,26,0,0,3,7.55,2,DNS,BNR,0,0,1
1285,26,0,0,3,8.05,2,DNS,BNR,0,0,1
1286,32.5,0,0,3,9.5,2,DNS,298,0,0,1
1287,38,0,0,3,7.2292,0,C,S,1,1,0
1288,51,0,0,3,7.75,2,DNS,BNR,0,0,1
1289,18,1,0,3,6.4958,2,DNS,314,0,0,1
1290,21,1,0,3,6.4958,2,DNS,BNR,0,0,1
1291,47,1,0,3,7,2,DNS,S,1,1,0
1292,26,0,0,3,8.7125,2,DNS,BNR,0,0,1
1293,26,0,0,3,7.55,2,DNS,BNR,0,0,1
1294,26,0,0,3,8.05,2,DNS,BNR,0,0,1
1295,28.5,0,0,3,16.1,2,DNS,14,0,0,1
1296,21,0,0,3,7.25,2,DNS,BNR,0,0,1
1297,27,0,0,3,8.6625,2,DNS,131,0,0,1
1298,26,0,0,3,7.25,2,DNS,BNR,0,0,1
1299,36,0,0,3,9.5,2,DNS,BNR,0,0,1
1300,27,1,0,3,14.4542,0,C,BNR,0,0,1
1301,15,1,0,3,14.4542,0,DNS,S,1,1,0
1302,45.5,0,0,3,7.225,0,DNS,312,0,0,1
1303,26,0,0,3,7.225,0,DNS,BNR,0,0,1
1304,26,0,0,3,14.4583,0,DNS,BNR,0,0,1
1305,14.5,1,0,3,14.4542,0,DNS,328,0,1,0
1306,18,1,0,3,14.4542,0,DNS,BNR,0,1,0
1307,26.5,0,0,3,7.225,0,DNS,304,0,0,1
1308,27,0,0,3,7.225,0,DNS,BNR,0,0,1
1309,29,0,0,3,7.875,2,DNS,BNR,0,0,1
